Price,Close,High,Low,Open,Volume
Ticker,AAPL,AAPL,AAPL,AAPL,AAPL
Datetime,,,,,
2025-07-01 13:30:00+00:00,207.52999877929688,208.3800048828125,206.14010620117188,206.6649932861328,11796278
2025-07-01 13:45:00+00:00,209.0847930908203,209.11000061035156,207.47999572753906,207.52999877929688,6250227
2025-07-01 14:00:00+00:00,209.66000366210938,209.67999267578125,208.55999755859375,209.05999755859375,4490826
2025-07-01 14:15:00+00:00,209.54010009765625,209.8300018310547,208.4199981689453,209.66000366210938,4189720
2025-07-01 14:30:00+00:00,208.47000122070312,209.89999389648438,207.9199981689453,209.5500946044922,4605242
2025-07-01 14:45:00+00:00,208.9600067138672,209.0,207.47000122070312,208.48770141601562,3141529
2025-07-01 15:00:00+00:00,208.68380737304688,210.18649291992188,208.05999755859375,208.9600067138672,5346029
2025-07-01 15:15:00+00:00,207.9499969482422,208.8800048828125,207.7760009765625,208.67080688476562,2382723
2025-07-01 15:30:00+00:00,207.08999633789062,208.1300048828125,206.7899932861328,207.9600067138672,2471474
2025-07-01 15:45:00+00:00,207.3029022216797,207.63999938964844,207.06910705566406,207.11000061035156,1542789
2025-07-01 16:00:00+00:00,207.86500549316406,207.91000366210938,207.1699981689453,207.30999755859375,1329090
2025-07-01 16:15:00+00:00,207.875,208.18499755859375,207.5449981689453,207.8699951171875,2069419
2025-07-01 16:30:00+00:00,208.27000427246094,208.52999877929688,207.6199951171875,207.8699951171875,1915822
2025-07-01 16:45:00+00:00,207.17539978027344,208.27999877929688,207.13999938964844,208.27999877929688,1700183
2025-07-01 17:00:00+00:00,207.72999572753906,207.73899841308594,207.10000610351562,207.18499755859375,1328572
2025-07-01 17:15:00+00:00,208.08999633789062,208.13499450683594,207.5500030517578,207.7283935546875,1144576
2025-07-01 17:30:00+00:00,208.27999877929688,208.3300018310547,207.61000061035156,208.08889770507812,1199749
2025-07-01 17:45:00+00:00,208.14999389648438,208.3699951171875,207.9499969482422,208.27999877929688,1274033
2025-07-01 18:00:00+00:00,207.98500061035156,208.35000610351562,207.8800048828125,208.14999389648438,1151757
2025-07-01 18:15:00+00:00,208.2100067138672,208.4199981689453,207.89500427246094,207.98500061035156,1040601
2025-07-01 18:30:00+00:00,208.10000610351562,208.42990112304688,207.9600067138672,208.2100067138672,1001693
2025-07-01 18:45:00+00:00,208.0,208.24000549316406,207.85009765625,208.09500122070312,913841
2025-07-01 19:00:00+00:00,207.91000366210938,208.02000427246094,207.375,208.02000427246094,1572595
2025-07-01 19:15:00+00:00,208.19000244140625,208.35000610351562,207.78500366210938,207.91000366210938,1545789
2025-07-01 19:30:00+00:00,207.77000427246094,208.22999572753906,207.51499938964844,208.18499755859375,1542721
2025-07-01 19:45:00+00:00,207.86000061035156,208.0449981689453,207.6199951171875,207.7899932861328,3743291
2025-07-02 13:30:00+00:00,211.42999267578125,211.8300018310547,208.13999938964844,209.0800018310547,10068138
2025-07-02 13:45:00+00:00,212.6199951171875,213.33999633789062,211.39999389648438,211.4199981689453,7065459
2025-07-02 14:00:00+00:00,212.39370727539062,212.7550048828125,211.52450561523438,212.6199951171875,4227288
2025-07-02 14:15:00+00:00,212.3000030517578,212.97000122070312,211.27369689941406,212.38009643554688,3448190
2025-07-02 14:30:00+00:00,212.1999969482422,212.69590759277344,211.89999389648438,212.27999877929688,2502492
2025-07-02 14:45:00+00:00,211.91000366210938,212.85000610351562,211.4600067138672,212.2100067138672,2219130
2025-07-02 15:00:00+00:00,212.4499969482422,212.49000549316406,211.8000030517578,211.93499755859375,1831666
2025-07-02 15:15:00+00:00,211.47500610351562,212.58999633789062,211.4199981689453,212.4698944091797,1785637
2025-07-02 15:30:00+00:00,211.27870178222656,212.02000427246094,211.25,211.49000549316406,1661714
2025-07-02 15:45:00+00:00,211.5500030517578,211.6851043701172,211.22999572753906,211.27999877929688,1225831
2025-07-02 16:00:00+00:00,211.12069702148438,211.57000732421875,210.86000061035156,211.55999755859375,1512545
2025-07-02 16:15:00+00:00,210.92030334472656,211.91879272460938,210.8699951171875,211.125,1658956
2025-07-02 16:30:00+00:00,210.27340698242188,210.98989868164062,210.22999572753906,210.9199981689453,1376950
2025-07-02 16:45:00+00:00,211.10499572753906,211.25,210.22000122070312,210.28500366210938,1484213
2025-07-02 17:00:00+00:00,210.7926025390625,211.35000610351562,210.70620727539062,211.10000610351562,1117358
2025-07-02 17:15:00+00:00,210.81809997558594,210.97999572753906,210.44000244140625,210.7899932861328,1054260
2025-07-02 17:30:00+00:00,211.00999450683594,211.0850067138672,210.74000549316406,210.80999755859375,826471
2025-07-02 17:45:00+00:00,211.6096954345703,211.72000122070312,210.89999389648438,211.0,1234077
2025-07-02 18:00:00+00:00,211.42979431152344,211.69000244140625,211.16000366210938,211.60000610351562,914795
2025-07-02 18:15:00+00:00,211.58999633789062,211.77000427246094,211.27000427246094,211.42999267578125,728950
2025-07-02 18:30:00+00:00,211.50999450683594,211.67999267578125,211.3699951171875,211.5749969482422,1052305
2025-07-02 18:45:00+00:00,212.27000427246094,212.5,211.4600067138672,211.51499938964844,1773374
2025-07-02 19:00:00+00:00,212.28500366210938,212.9600067138672,212.14999389648438,212.27000427246094,2495481
2025-07-02 19:15:00+00:00,211.94500732421875,212.5955047607422,211.83999633789062,212.2899932861328,1674645
2025-07-02 19:30:00+00:00,212.02999877929688,212.35000610351562,211.92999267578125,211.94000244140625,1796855
2025-07-02 19:45:00+00:00,212.41000366210938,212.75,211.97999572753906,212.02999877929688,4490835
2025-07-03 13:30:00+00:00,212.7707977294922,212.89739990234375,211.8101043701172,212.14500427246094,4903223
2025-07-03 13:45:00+00:00,213.30999755859375,213.68499755859375,212.75,212.75,3277465
2025-07-03 14:00:00+00:00,213.33999633789062,213.85989379882812,213.22999572753906,213.3300018310547,2312397
2025-07-03 14:15:00+00:00,213.73500061035156,213.7799072265625,213.23080444335938,213.35000610351562,1421770
2025-07-03 14:30:00+00:00,214.00999450683594,214.40499877929688,213.74000549316406,213.74000549316406,2884777
2025-07-03 14:45:00+00:00,213.9600067138672,214.02000427246094,213.0399932861328,213.99000549316406,2738924
2025-07-03 15:00:00+00:00,214.0800018310547,214.22000122070312,213.8699951171875,213.97000122070312,1603403
2025-07-03 15:15:00+00:00,213.8800048828125,214.4600067138672,213.83999633789062,214.081298828125,1762215
2025-07-03 15:30:00+00:00,214.61000061035156,214.61000061035156,213.6699981689453,213.889892578125,1545534
2025-07-03 15:45:00+00:00,214.3300018310547,214.64999389648438,214.2100067138672,214.60000610351562,1348926
2025-07-03 16:00:00+00:00,214.17999267578125,214.49989318847656,214.0500030517578,214.33270263671875,1024136
2025-07-03 16:15:00+00:00,214.10000610351562,214.4987030029297,213.9499969482422,214.19000244140625,1349866
2025-07-03 16:30:00+00:00,213.84500122070312,214.13999938964844,213.77499389648438,214.10000610351562,1146697
2025-07-03 16:45:00+00:00,213.58999633789062,213.92999267578125,213.3300018310547,213.85000610351562,2749686
2025-07-07 13:30:00+00:00,213.25,215.8300018310547,212.6699981689453,212.67999267578125,7359900
2025-07-07 13:45:00+00:00,212.9499969482422,213.38999938964844,212.47000122070312,213.25999450683594,2324525
2025-07-07 14:00:00+00:00,212.27999877929688,213.1199951171875,212.02000427246094,212.9600067138672,1891874
2025-07-07 14:15:00+00:00,212.36000061035156,212.74969482421875,211.80999755859375,212.2899932861328,1929834
2025-07-07 14:30:00+00:00,211.97129821777344,212.3800048828125,211.8300018310547,212.3699951171875,1109080
2025-07-07 14:45:00+00:00,212.10000610351562,212.3350067138672,211.60000610351562,211.97000122070312,1388006
2025-07-07 15:00:00+00:00,212.27999877929688,212.42999267578125,211.86500549316406,212.11500549316406,998145
2025-07-07 15:15:00+00:00,212.0399932861328,212.60000610351562,211.89999389648438,212.27999877929688,1002423
2025-07-07 15:30:00+00:00,211.7949981689453,212.16000366210938,211.7899932861328,212.03500366210938,894132
2025-07-07 15:45:00+00:00,211.75,212.05999755859375,211.53489685058594,211.781494140625,982263
2025-07-07 16:00:00+00:00,211.9936981201172,212.08999633789062,211.74000549316406,211.74000549316406,661705
2025-07-07 16:15:00+00:00,210.8365020751953,212.22000122070312,210.3800048828125,212.01890563964844,2305840
2025-07-07 16:30:00+00:00,210.33999633789062,211.16990661621094,210.26499938964844,210.83900451660156,1255227
2025-07-07 16:45:00+00:00,210.63499450683594,210.7550048828125,209.89999389648438,210.33999633789062,1584869
2025-07-07 17:00:00+00:00,210.28500366210938,210.7949981689453,210.05999755859375,210.63999938964844,1061679
2025-07-07 17:15:00+00:00,209.67039489746094,210.45010375976562,209.52000427246094,210.28500366210938,1138039
2025-07-07 17:30:00+00:00,209.6699981689453,210.5,209.5500030517578,209.6699981689453,1160549
2025-07-07 17:45:00+00:00,210.0500030517578,210.0850067138672,209.6699981689453,209.69000244140625,771443
2025-07-07 18:00:00+00:00,209.92999267578125,210.2100067138672,209.7100067138672,210.05999755859375,831848
2025-07-07 18:15:00+00:00,208.94039916992188,209.9949951171875,208.91000366210938,209.92999267578125,1446799
2025-07-07 18:30:00+00:00,209.27999877929688,209.4199981689453,208.8000030517578,208.94000244140625,1270961
2025-07-07 18:45:00+00:00,209.76229858398438,209.77999877929688,209.27999877929688,209.27999877929688,998116
2025-07-07 19:00:00+00:00,209.72000122070312,210.07000732421875,209.5447998046875,209.76499938964844,1052865
2025-07-07 19:15:00+00:00,209.4499969482422,209.77499389648438,209.33999633789062,209.72999572753906,1066379
2025-07-07 19:30:00+00:00,209.4470977783203,209.55990600585938,209.19000244140625,209.4600067138672,1320795
2025-07-07 19:45:00+00:00,209.94000244140625,210.25,209.3000030517578,209.44500732421875,3447638
2025-07-08 13:30:00+00:00,209.02000427246094,210.4600067138672,208.47999572753906,210.1300048828125,4349282
2025-07-08 13:45:00+00:00,208.66000366210938,209.5,208.5399932861328,209.01499938964844,1947388
2025-07-08 14:00:00+00:00,208.90499877929688,209.5850067138672,208.4499969482422,208.64500427246094,2006856
2025-07-08 14:15:00+00:00,209.27999877929688,209.67999267578125,208.90499877929688,208.90499877929688,1078269
2025-07-08 14:30:00+00:00,210.1999969482422,210.32000732421875,209.25999450683594,209.28500366210938,1313046
2025-07-08 14:45:00+00:00,210.72500610351562,210.8300018310547,209.7100067138672,210.22000122070312,1759982
2025-07-08 15:00:00+00:00,211.33999633789062,211.42999267578125,210.71969604492188,210.72999572753906,1410887
2025-07-08 15:15:00+00:00,209.87069702148438,211.36500549316406,209.77999877929688,211.3249969482422,1370369
2025-07-08 15:30:00+00:00,209.92999267578125,210.08999633789062,209.77999877929688,209.8800048828125,942479
2025-07-08 15:45:00+00:00,210.5500030517578,210.64999389648438,209.9199981689453,209.93499755859375,1171554
2025-07-08 16:00:00+00:00,210.9499969482422,211.05999755859375,210.4600067138672,210.55999755859375,909226
2025-07-08 16:15:00+00:00,210.8300018310547,211.18499755859375,210.82000732421875,210.97000122070312,736509
2025-07-08 16:30:00+00:00,210.57119750976562,210.88999938964844,210.2602996826172,210.83999633789062,851635
2025-07-08 16:45:00+00:00,210.3800048828125,210.73109436035156,210.30999755859375,210.57000732421875,907893
2025-07-08 17:00:00+00:00,209.80999755859375,210.43499755859375,209.8000030517578,210.3699951171875,954387
2025-07-08 17:15:00+00:00,209.8350067138672,209.97999572753906,209.5,209.8249969482422,1011594
2025-07-08 17:30:00+00:00,209.5399932861328,209.93499755859375,209.41000366210938,209.83999633789062,641730
2025-07-08 17:45:00+00:00,209.85000610351562,209.8800048828125,209.32000732421875,209.53500366210938,785563
2025-07-08 18:00:00+00:00,209.97430419921875,210.25999450683594,209.72000122070312,209.80999755859375,908027
2025-07-08 18:15:00+00:00,209.94500732421875,210.19000244140625,209.83999633789062,209.96499633789062,546254
2025-07-08 18:30:00+00:00,209.69000244140625,210.0449981689453,209.67999267578125,209.9499969482422,570233
2025-07-08 18:45:00+00:00,209.6999969482422,209.91000366210938,209.55999755859375,209.69000244140625,585979
2025-07-08 19:00:00+00:00,209.49070739746094,209.72999572753906,209.42999267578125,209.69000244140625,731002
2025-07-08 19:15:00+00:00,209.60499572753906,209.64999389648438,209.40499877929688,209.49000549316406,749468
2025-07-08 19:30:00+00:00,209.52130126953125,209.6999053955078,209.3000030517578,209.58999633789062,1492311
2025-07-08 19:45:00+00:00,210.03500366210938,210.33999633789062,209.47520446777344,209.52000427246094,3628829
2025-07-09 13:30:00+00:00,209.89999389648438,210.89999389648438,209.35000610351562,209.52999877929688,4023477
2025-07-09 13:45:00+00:00,209.86000061035156,210.33999633789062,209.5749969482422,209.88999938964844,1930043
2025-07-09 14:00:00+00:00,209.99000549316406,210.4949951171875,209.72000122070312,209.8699951171875,1771513
2025-07-09 14:15:00+00:00,209.91000366210938,210.2550048828125,209.5850067138672,209.97999572753906,1267916
2025-07-09 14:30:00+00:00,208.85000610351562,209.89999389648438,208.75999450683594,209.88999938964844,2128812
2025-07-09 14:45:00+00:00,207.64810180664062,208.97999572753906,207.4499969482422,208.8699951171875,2265315
2025-07-09 15:00:00+00:00,207.5850067138672,207.75999450683594,207.31500244140625,207.63999938964844,2044183
2025-07-09 15:15:00+00:00,207.80499267578125,207.9499969482422,207.22000122070312,207.58799743652344,1871008
2025-07-09 15:30:00+00:00,207.88499450683594,207.970703125,207.52000427246094,207.80999755859375,1129867
2025-07-09 15:45:00+00:00,207.72999572753906,207.88650512695312,207.26589965820312,207.8800048828125,1282559
2025-07-09 16:00:00+00:00,207.62579345703125,208.22000122070312,207.53900146484375,207.73899841308594,1476076
2025-07-09 16:15:00+00:00,207.8000030517578,207.93499755859375,207.5500030517578,207.6199951171875,787991
2025-07-09 16:30:00+00:00,207.83999633789062,207.89999389648438,207.57139587402344,207.81039428710938,748836
2025-07-09 16:45:00+00:00,208.2100067138672,208.44009399414062,207.77999877929688,207.8300018310547,1040119
2025-07-09 17:00:00+00:00,208.46499633789062,208.72000122070312,207.97999572753906,208.2100067138672,996865
2025-07-09 17:15:00+00:00,208.9156036376953,209.0449981689453,208.38999938964844,208.46499633789062,1178945
2025-07-09 17:30:00+00:00,208.94000244140625,209.05999755859375,208.72000122070312,208.9149932861328,908360
2025-07-09 17:45:00+00:00,209.24000549316406,209.3795928955078,208.93499755859375,208.9499969482422,969845
2025-07-09 18:00:00+00:00,209.92999267578125,209.97999572753906,209.16000366210938,209.2100067138672,1231974
2025-07-09 18:15:00+00:00,209.7324981689453,209.92999267578125,209.5500030517578,209.92039489746094,906443
2025-07-09 18:30:00+00:00,209.66000366210938,209.88499450683594,209.6199951171875,209.7449951171875,700084
2025-07-09 18:45:00+00:00,209.93609619140625,210.05999755859375,209.6497039794922,209.65440368652344,1029840
2025-07-09 19:00:00+00:00,209.80999755859375,210.19000244140625,209.64010620117188,209.94000244140625,1118308
2025-07-09 19:15:00+00:00,209.88999938964844,210.0,209.6999969482422,209.82000732421875,862260
2025-07-09 19:30:00+00:00,210.3000030517578,210.3300018310547,209.72999572753906,209.8800048828125,1148257
2025-07-09 19:45:00+00:00,211.11000061035156,211.3300018310547,210.19000244140625,210.2989959716797,5042978
2025-07-10 13:30:00+00:00,210.58999633789062,211.13999938964844,210.1199951171875,210.5050048828125,3556739
2025-07-10 13:45:00+00:00,211.27499389648438,211.28990173339844,210.5050048828125,210.58990478515625,1873175
2025-07-10 14:00:00+00:00,211.39999389648438,211.85000610351562,210.72000122070312,211.27000427246094,2158536
2025-07-10 14:15:00+00:00,212.00999450683594,212.29989624023438,211.3300018310547,211.4199981689453,2002838
2025-07-10 14:30:00+00:00,213.36000061035156,213.47000122070312,211.89999389648438,212.02999877929688,3331279
2025-07-10 14:45:00+00:00,212.36000061035156,213.47999572753906,212.02999877929688,213.360107421875,2337143
2025-07-10 15:00:00+00:00,212.9499969482422,212.99929809570312,212.30999755859375,212.36659240722656,1305406
2025-07-10 15:15:00+00:00,212.97999572753906,213.31939697265625,212.85000610351562,212.9550018310547,1785184
2025-07-10 15:30:00+00:00,213.09500122070312,213.13070678710938,212.4488983154297,212.99000549316406,1157457
2025-07-10 15:45:00+00:00,212.38999938964844,213.17999267578125,212.22999572753906,213.11000061035156,1211983
2025-07-10 16:00:00+00:00,212.0303955078125,212.39999389648438,211.8300018310547,212.375,1047221
2025-07-10 16:15:00+00:00,212.0800018310547,212.20989990234375,211.92999267578125,212.03500366210938,1181492
2025-07-10 16:30:00+00:00,212.27999877929688,212.36000061035156,211.85000610351562,212.07000732421875,1061957
2025-07-10 16:45:00+00:00,212.01739501953125,212.3000030517578,211.9600067138672,212.27999877929688,690166
2025-07-10 17:00:00+00:00,212.12879943847656,212.2299041748047,211.92999267578125,212.02000427246094,695000
2025-07-10 17:15:00+00:00,212.6199951171875,212.77999877929688,212.0,212.13009643554688,937816
2025-07-10 17:30:00+00:00,212.6074981689453,213.16000366210938,212.55130004882812,212.61000061035156,1129761
2025-07-10 17:45:00+00:00,212.37100219726562,212.6699981689453,212.37100219726562,212.61000061035156,533631
2025-07-10 18:00:00+00:00,212.5041961669922,212.64999389648438,212.30999755859375,212.38999938964844,585466
2025-07-10 18:15:00+00:00,212.60000610351562,213.0,212.47000122070312,212.50999450683594,776528
2025-07-10 18:30:00+00:00,212.74000549316406,212.97979736328125,212.57000732421875,212.5948944091797,567286
2025-07-10 18:45:00+00:00,212.93499755859375,213.1425018310547,212.72000122070312,212.74000549316406,842408
2025-07-10 19:00:00+00:00,212.80999755859375,213.4499969482422,212.67999267578125,212.91000366210938,1052637
2025-07-10 19:15:00+00:00,212.5749969482422,212.9600067138672,212.57000732421875,212.82000732421875,878743
2025-07-10 19:30:00+00:00,212.8800048828125,213.02000427246094,212.5449981689453,212.5800018310547,1073602
2025-07-10 19:45:00+00:00,212.4199981689453,212.96499633789062,212.08999633789062,212.875,3396829
2025-07-11 13:30:00+00:00,210.19000244140625,211.0299072265625,209.86000061035156,210.56500244140625,4071150
2025-07-11 13:45:00+00:00,210.99000549316406,211.1273956298828,209.86500549316406,210.17999267578125,1677654
2025-07-11 14:00:00+00:00,211.69119262695312,211.77999877929688,210.8800048828125,210.98500061035156,1486909
2025-07-11 14:15:00+00:00,211.7899932861328,212.1300048828125,211.47999572753906,211.6999969482422,1356460
2025-07-11 14:30:00+00:00,211.1649932861328,211.7899932861328,211.02999877929688,211.7899932861328,1038956
2025-07-11 14:45:00+00:00,210.9600067138672,211.30990600585938,210.8000030517578,211.1593017578125,1015079
2025-07-11 15:00:00+00:00,210.64010620117188,211.14999389648438,210.6300048828125,210.9499969482422,922920
2025-07-11 15:15:00+00:00,210.8249969482422,211.05999755859375,210.47999572753906,210.6300048828125,1054753
2025-07-11 15:30:00+00:00,211.1300048828125,211.2100067138672,210.66000366210938,210.8300018310547,1027850
2025-07-11 15:45:00+00:00,210.6699981689453,211.14999389648438,210.4282989501953,211.1300048828125,1074701
2025-07-11 16:00:00+00:00,210.83999633789062,210.9600067138672,210.66000366210938,210.69000244140625,654749
2025-07-11 16:15:00+00:00,210.63499450683594,211.0590057373047,210.58999633789062,210.85000610351562,661623
2025-07-11 16:30:00+00:00,210.5399932861328,210.6898956298828,210.4499969482422,210.6199951171875,753985
2025-07-11 16:45:00+00:00,211.02049255371094,211.0780029296875,210.49000549316406,210.52000427246094,747248
2025-07-11 17:00:00+00:00,211.04010009765625,211.2899932861328,210.89999389648438,211.01100158691406,713836
2025-07-11 17:15:00+00:00,211.1649932861328,211.22999572753906,211.0,211.0449981689453,590594
2025-07-11 17:30:00+00:00,211.16070556640625,211.22000122070312,210.95199584960938,211.15499877929688,501437
2025-07-11 17:45:00+00:00,211.2100067138672,211.24000549316406,211.0800018310547,211.16000366210938,403591
2025-07-11 18:00:00+00:00,211.35000610351562,211.65980529785156,211.18499755859375,211.1999969482422,774178
2025-07-11 18:15:00+00:00,211.40499877929688,211.5500030517578,211.2899932861328,211.35000610351562,701463
2025-07-11 18:30:00+00:00,211.41000366210938,211.51699829101562,211.3000030517578,211.41000366210938,463822
2025-07-11 18:45:00+00:00,211.13499450683594,211.47000122070312,211.02999877929688,211.4029998779297,483932
2025-07-11 19:00:00+00:00,210.97999572753906,211.13499450683594,210.6199951171875,211.1199951171875,809339
2025-07-11 19:15:00+00:00,211.16000366210938,211.3000030517578,210.9600067138672,210.99000549316406,614689
2025-07-11 19:30:00+00:00,211.08279418945312,211.22999572753906,211.029296875,211.1300048828125,725519
2025-07-11 19:45:00+00:00,211.0749969482422,211.39999389648438,211.02999877929688,211.0800018310547,3432384
2025-07-14 13:30:00+00:00,208.25999450683594,210.91000366210938,208.24200439453125,209.90899658203125,4544212
2025-07-14 13:45:00+00:00,207.8800048828125,208.57000732421875,207.6699981689453,208.25999450683594,3018908
2025-07-14 14:00:00+00:00,208.38999938964844,208.41009521484375,207.5399932861328,207.91000366210938,2386289
2025-07-14 14:15:00+00:00,208.02999877929688,208.77999877929688,207.97000122070312,208.38999938964844,1460913
2025-07-14 14:30:00+00:00,208.47000122070312,208.61000061035156,207.8249969482422,208.02999877929688,1183433
2025-07-14 14:45:00+00:00,208.48500061035156,208.7550048828125,208.19000244140625,208.4600067138672,1002576
2025-07-14 15:00:00+00:00,208.50759887695312,208.89169311523438,208.3802032470703,208.47999572753906,991955
2025-07-14 15:15:00+00:00,208.76499938964844,208.77499389648438,208.20010375976562,208.52000427246094,921066
2025-07-14 15:30:00+00:00,208.8699951171875,209.14999389648438,208.5749969482422,208.77000427246094,1231956
2025-07-14 15:45:00+00:00,208.83999633789062,208.92999267578125,208.55999755859375,208.875,920525
2025-07-14 16:00:00+00:00,208.92999267578125,209.17999267578125,208.77000427246094,208.8300018310547,681617
2025-07-14 16:15:00+00:00,208.8406982421875,209.0800018310547,208.69000244140625,208.92999267578125,608155
2025-07-14 16:30:00+00:00,208.9604034423828,209.14500427246094,208.7899932861328,208.85000610351562,606983
2025-07-14 16:45:00+00:00,208.89999389648438,209.24000549316406,208.89089965820312,208.95379638671875,538632
2025-07-14 17:00:00+00:00,208.92999267578125,209.0050048828125,208.76019287109375,208.89500427246094,556654
2025-07-14 17:15:00+00:00,209.0,209.3300018310547,208.90499877929688,208.9250030517578,794439
2025-07-14 17:30:00+00:00,209.19000244140625,209.26719665527344,209.00999450683594,209.0133056640625,519644
2025-07-14 17:45:00+00:00,209.14999389648438,209.3000030517578,209.0500030517578,209.17959594726562,633405
2025-07-14 18:00:00+00:00,209.1999969482422,209.4499969482422,209.10000610351562,209.1649932861328,623676
2025-07-14 18:15:00+00:00,209.0,209.2899932861328,208.96080017089844,209.2012939453125,610832
2025-07-14 18:30:00+00:00,209.3000030517578,209.3350067138672,208.99000549316406,209.0,559853
2025-07-14 18:45:00+00:00,209.3101043701172,209.4073028564453,209.15499877929688,209.30209350585938,611361
2025-07-14 19:00:00+00:00,209.1649932861328,209.36000061035156,208.87010192871094,209.31500244140625,998158
2025-07-14 19:15:00+00:00,209.1999053955078,209.35499572753906,209.02000427246094,209.17999267578125,1042281
2025-07-14 19:30:00+00:00,208.68499755859375,209.19000244140625,208.581298828125,209.1699981689453,1101309
2025-07-14 19:45:00+00:00,208.5399932861328,208.89999389648438,208.52000427246094,208.68499755859375,3079585
2025-07-15 13:30:00+00:00,210.6699981689453,211.1300048828125,208.9199981689453,209.14999389648438,5235946
2025-07-15 13:45:00+00:00,209.64500427246094,210.69000244140625,209.39999389648438,210.6699981689453,1957468
2025-07-15 14:00:00+00:00,210.0299072265625,210.1699981689453,209.33999633789062,209.64999389648438,1425791
2025-07-15 14:15:00+00:00,210.1699981689453,210.3000030517578,209.69219970703125,210.01499938964844,1185444
2025-07-15 14:30:00+00:00,209.85650634765625,210.17999267578125,209.5,210.13999938964844,1089218
2025-07-15 14:45:00+00:00,209.35000610351562,210.0800018310547,209.19769287109375,209.85000610351562,1095470
2025-07-15 15:00:00+00:00,210.21009826660156,210.57000732421875,209.25999450683594,209.35000610351562,1519813
2025-07-15 15:15:00+00:00,211.42999267578125,211.42999267578125,210.0,210.22999572753906,1596217
2025-07-15 15:30:00+00:00,211.5509033203125,211.88999938964844,211.0399932861328,211.42999267578125,1778799
2025-07-15 15:45:00+00:00,210.77999877929688,211.7498016357422,210.72999572753906,211.55999755859375,1255778
2025-07-15 16:00:00+00:00,210.55999755859375,210.89999389648438,210.3800048828125,210.7899932861328,1003337
2025-07-15 16:15:00+00:00,210.67999267578125,210.8000030517578,210.36000061035156,210.5399932861328,580008
2025-07-15 16:30:00+00:00,210.5449981689453,210.98500061035156,210.45010375976562,210.69500732421875,518554
2025-07-15 16:45:00+00:00,210.5800018310547,210.92869567871094,210.3800048828125,210.5500030517578,572886
2025-07-15 17:00:00+00:00,210.61000061035156,211.07000732421875,210.52000427246094,210.55999755859375,571278
2025-07-15 17:15:00+00:00,210.67269897460938,210.7548065185547,210.4499969482422,210.61000061035156,448350
2025-07-15 17:30:00+00:00,210.97500610351562,211.11000061035156,210.66000366210938,210.68499755859375,530381
2025-07-15 17:45:00+00:00,211.27999877929688,211.35000610351562,210.91009521484375,210.99000549316406,663187
2025-07-15 18:00:00+00:00,211.58999633789062,211.63999938964844,211.2050018310547,211.27999877929688,756222
2025-07-15 18:15:00+00:00,211.375,211.6699981689453,211.2899932861328,211.58999633789062,806331
2025-07-15 18:30:00+00:00,211.02999877929688,211.47999572753906,210.99000549316406,211.38890075683594,1310052
2025-07-15 18:45:00+00:00,210.50999450683594,211.0399932861328,210.42999267578125,211.02999877929688,751494
2025-07-15 19:00:00+00:00,210.54010009765625,210.68629455566406,210.39999389648438,210.50999450683594,673758
2025-07-15 19:15:00+00:00,210.17999267578125,210.60000610351562,209.9600067138672,210.5399932861328,1207919
2025-07-15 19:30:00+00:00,209.8000030517578,210.2899932861328,209.43020629882812,210.2030029296875,1350736
2025-07-15 19:45:00+00:00,209.00999450683594,209.89999389648438,208.99000549316406,209.80499267578125,2522137
2025-07-16 13:30:00+00:00,210.94000244140625,211.2100067138672,210.19000244140625,210.2899932861328,5166435
2025-07-16 13:45:00+00:00,211.07000732421875,211.0800018310547,209.91050720214844,210.92990112304688,2051443
2025-07-16 14:00:00+00:00,211.4398956298828,211.49000549316406,210.60000610351562,211.0500030517578,1806881
2025-07-16 14:15:00+00:00,212.0850067138672,212.39999389648438,211.3699951171875,211.42999267578125,2838981
2025-07-16 14:30:00+00:00,211.02000427246094,212.1844940185547,210.9781951904297,212.11000061035156,1626418
2025-07-16 14:45:00+00:00,210.78250122070312,211.27000427246094,210.4893035888672,211.00999450683594,1705677
2025-07-16 15:00:00+00:00,210.83099365234375,210.99000549316406,210.5500030517578,210.8000030517578,1085863
2025-07-16 15:15:00+00:00,210.1199951171875,210.86000061035156,209.2899932861328,210.82000732421875,2298232
2025-07-16 15:30:00+00:00,209.64120483398438,210.1488037109375,208.63999938964844,210.1488037109375,2275998
2025-07-16 15:45:00+00:00,209.83070373535156,210.5,209.48089599609375,209.6699981689453,1502069
2025-07-16 16:00:00+00:00,209.7050018310547,210.0532989501953,209.5500030517578,209.85000610351562,918071
2025-07-16 16:15:00+00:00,209.58999633789062,209.885498046875,209.5,209.67959594726562,587419
2025-07-16 16:30:00+00:00,209.74000549316406,210.02000427246094,209.60000610351562,209.60000610351562,590963
2025-07-16 16:45:00+00:00,210.38999938964844,210.42999267578125,209.3699951171875,209.74000549316406,782630
2025-07-16 17:00:00+00:00,210.68499755859375,210.947998046875,210.36000061035156,210.39500427246094,975861
2025-07-16 17:15:00+00:00,210.35000610351562,210.82000732421875,210.33999633789062,210.69000244140625,608785
2025-07-16 17:30:00+00:00,210.3699951171875,210.63189697265625,210.26499938964844,210.33999633789062,537609
2025-07-16 17:45:00+00:00,210.27000427246094,210.47999572753906,210.1988067626953,210.3699951171875,577245
2025-07-16 18:00:00+00:00,210.12010192871094,210.2812042236328,209.89999389648438,210.25999450683594,635306
2025-07-16 18:15:00+00:00,210.0384979248047,210.1999969482422,209.87100219726562,210.13999938964844,575389
2025-07-16 18:30:00+00:00,210.31419372558594,210.32980346679688,210.0399932861328,210.0399932861328,433598
2025-07-16 18:45:00+00:00,210.4593048095703,210.47000122070312,210.07110595703125,210.30999755859375,495476
2025-07-16 19:00:00+00:00,210.3029022216797,210.58509826660156,210.22999572753906,210.4550018310547,535269
2025-07-16 19:15:00+00:00,210.3249969482422,210.36520385742188,210.11500549316406,210.30029296875,599822
2025-07-16 19:30:00+00:00,210.44509887695312,210.6365966796875,210.22500610351562,210.32000732421875,789941
2025-07-16 19:45:00+00:00,210.22000122070312,210.5850067138672,209.97000122070312,210.44500732421875,3520130
2025-07-17 13:30:00+00:00,210.44000244140625,211.00999450683594,210.05999755859375,210.625,5230983
2025-07-17 13:45:00+00:00,210.27000427246094,210.77000427246094,209.97500610351562,210.4499969482422,1690209
2025-07-17 14:00:00+00:00,209.80499267578125,210.60000610351562,209.7100067138672,210.27000427246094,1575628
2025-07-17 14:15:00+00:00,209.9499969482422,210.1300048828125,209.58999633789062,209.80999755859375,1466807
2025-07-17 14:30:00+00:00,210.0,210.2100067138672,209.77000427246094,209.94000244140625,1120703
2025-07-17 14:45:00+00:00,210.1750030517578,210.26820373535156,209.94000244140625,210.01499938964844,961121
2025-07-17 15:00:00+00:00,210.60000610351562,210.8300018310547,210.08169555664062,210.1750030517578,1338706
2025-07-17 15:15:00+00:00,210.44000244140625,210.66000366210938,210.36000061035156,210.5800018310547,1062950
2025-07-17 15:30:00+00:00,210.13499450683594,210.5050048828125,210.11000061035156,210.4499969482422,1140316
2025-07-17 15:45:00+00:00,210.6501007080078,210.69000244140625,210.10499572753906,210.1199951171875,1069265
2025-07-17 16:00:00+00:00,210.9398956298828,211.1199951171875,210.53500366210938,210.66000366210938,1679245
2025-07-17 16:15:00+00:00,211.38999938964844,211.4499969482422,210.88499450683594,210.9499969482422,1826107
2025-07-17 16:30:00+00:00,211.22000122070312,211.50999450683594,211.10000610351562,211.38890075683594,1252299
2025-07-17 16:45:00+00:00,211.02000427246094,211.44000244140625,210.94500732421875,211.22979736328125,1011540
2025-07-17 17:00:00+00:00,211.03370666503906,211.16000366210938,210.9499969482422,211.00999450683594,788010
2025-07-17 17:15:00+00:00,210.9550018310547,211.06500244140625,210.7899932861328,211.0399932861328,800324
2025-07-17 17:30:00+00:00,211.22999572753906,211.3699951171875,210.9001007080078,210.9499969482422,1245805
2025-07-17 17:45:00+00:00,211.48849487304688,211.5,211.16000366210938,211.24000549316406,1231370
2025-07-17 18:00:00+00:00,211.35000610351562,211.8000030517578,211.14010620117188,211.48500061035156,1242112
2025-07-17 18:15:00+00:00,211.27999877929688,211.69500732421875,211.08999633789062,211.35000610351562,1568212
2025-07-17 18:30:00+00:00,210.9949951171875,211.27999877929688,210.9600067138672,211.27999877929688,955459
2025-07-17 18:45:00+00:00,210.9199981689453,211.0625,210.8699951171875,210.9949951171875,895025
2025-07-17 19:00:00+00:00,210.8249969482422,211.05499267578125,210.77999877929688,210.94000244140625,1468830
2025-07-17 19:15:00+00:00,210.9949951171875,211.06500244140625,210.8249969482422,210.8249969482422,1126140
2025-07-17 19:30:00+00:00,210.7100067138672,211.0500030517578,210.67999267578125,210.99989318847656,1093905
2025-07-17 19:45:00+00:00,210.06100463867188,210.7490997314453,209.74000549316406,210.72000122070312,5922175
2025-07-18 13:30:00+00:00,210.0399932861328,211.00999450683594,209.88999938964844,210.7550048828125,10936096
2025-07-18 13:45:00+00:00,210.32000732421875,210.50999450683594,209.88999938964844,210.22000122070312,2052371
2025-07-18 14:00:00+00:00,210.09500122070312,210.6199951171875,209.70449829101562,210.33999633789062,1502841
2025-07-18 14:15:00+00:00,209.9542999267578,210.32269287109375,209.88999938964844,210.10000610351562,1238376
2025-07-18 14:30:00+00:00,210.3096923828125,210.5,209.77000427246094,209.9600067138672,1403102
2025-07-18 14:45:00+00:00,210.4700927734375,211.00999450683594,210.26499938964844,210.32000732421875,1572048
2025-07-18 15:00:00+00:00,210.74839782714844,211.0,210.4199981689453,210.51100158691406,1059667
2025-07-18 15:15:00+00:00,210.85000610351562,210.89999389648438,210.4199981689453,210.74000549316406,922543
2025-07-18 15:30:00+00:00,210.9613037109375,211.0050048828125,210.69000244140625,210.85499572753906,1379013
2025-07-18 15:45:00+00:00,211.0749969482422,211.10000610351562,210.92010498046875,210.97500610351562,929826
2025-07-18 16:00:00+00:00,210.94500732421875,211.1300048828125,210.89999389648438,211.07009887695312,665994
2025-07-18 16:15:00+00:00,211.00999450683594,211.10000610351562,210.67999267578125,210.9199981689453,1018520
2025-07-18 16:30:00+00:00,211.66000366210938,211.75990295410156,210.8800048828125,211.02000427246094,1293991
2025-07-18 16:45:00+00:00,211.32000732421875,211.7899932861328,211.19000244140625,211.65130615234375,1095033
2025-07-18 17:00:00+00:00,211.24000549316406,211.41900634765625,211.04220581054688,211.32000732421875,785777
2025-07-18 17:15:00+00:00,211.19000244140625,211.4250030517578,211.10000610351562,211.2469940185547,665586
2025-07-18 17:30:00+00:00,211.3249969482422,211.5399932861328,211.02000427246094,211.17999267578125,896509
2025-07-18 17:45:00+00:00,211.08999633789062,211.43499755859375,210.97000122070312,211.3249969482422,726020
2025-07-18 18:00:00+00:00,210.92999267578125,211.25999450683594,210.875,211.10000610351562,876691
2025-07-18 18:15:00+00:00,210.93499755859375,210.97999572753906,210.75999450683594,210.93499755859375,555074
2025-07-18 18:30:00+00:00,211.00999450683594,211.05999755859375,210.8699951171875,210.92999267578125,500444
2025-07-18 18:45:00+00:00,210.96499633789062,211.0500030517578,210.7899932861328,211.0,660620
2025-07-18 19:00:00+00:00,211.02000427246094,211.0449981689453,210.8699951171875,210.9600067138672,580848
2025-07-18 19:15:00+00:00,210.9499969482422,211.19500732421875,210.89500427246094,211.02000427246094,897815
2025-07-18 19:30:00+00:00,210.9600067138672,211.06869506835938,210.8300018310547,210.94000244140625,1081560
2025-07-18 19:45:00+00:00,211.22000122070312,211.34500122070312,210.8350067138672,210.9600067138672,3351744
2025-07-21 13:30:00+00:00,214.6649932861328,214.86500549316406,211.64089965820312,212.0500030517578,9410413
2025-07-21 13:45:00+00:00,214.0,215.77999877929688,213.9600067138672,214.67999267578125,5375671
2025-07-21 14:00:00+00:00,214.73500061035156,214.75999450683594,214.00999450683594,214.00999450683594,2577979
2025-07-21 14:15:00+00:00,214.64500427246094,215.19000244140625,214.1300048828125,214.7100067138672,2567434
2025-07-21 14:30:00+00:00,213.8000030517578,214.7100067138672,213.57000732421875,214.63999938964844,2415253
2025-07-21 14:45:00+00:00,213.41000366210938,213.8695068359375,213.2852020263672,213.7899932861328,1928807
2025-07-21 15:00:00+00:00,213.13999938964844,213.41000366210938,212.8699951171875,213.41000366210938,1801291
2025-07-21 15:15:00+00:00,213.47000122070312,213.64999389648438,213.11000061035156,213.11900329589844,1342455
2025-07-21 15:30:00+00:00,213.44000244140625,213.6699981689453,213.16000366210938,213.4600067138672,997756
2025-07-21 15:45:00+00:00,213.39959716796875,213.7100067138672,213.26980590820312,213.4365997314453,854066
2025-07-21 16:00:00+00:00,213.418701171875,213.47999572753906,213.1699981689453,213.38499450683594,622120
2025-07-21 16:15:00+00:00,213.31959533691406,213.5800018310547,213.272705078125,213.41000366210938,665433
2025-07-21 16:30:00+00:00,213.2465057373047,213.42999267578125,213.13999938964844,213.31500244140625,698379
2025-07-21 16:45:00+00:00,213.55999755859375,213.86000061035156,213.23500061035156,213.24000549316406,982518
2025-07-21 17:00:00+00:00,213.42999267578125,213.69070434570312,213.41000366210938,213.5500030517578,651067
2025-07-21 17:15:00+00:00,213.67999267578125,213.72500610351562,213.41000366210938,213.4250030517578,575079
2025-07-21 17:30:00+00:00,213.31069946289062,213.7100067138672,213.11000061035156,213.66000366210938,957337
2025-07-21 17:45:00+00:00,212.90989685058594,213.4199981689453,212.88499450683594,213.32000732421875,732124
2025-07-21 18:00:00+00:00,212.9949951171875,213.02999877929688,212.50999450683594,212.91000366210938,1178927
2025-07-21 18:15:00+00:00,213.25999450683594,213.27000427246094,212.9499969482422,212.9949951171875,1186937
2025-07-21 18:30:00+00:00,213.2700958251953,213.42999267578125,213.1699981689453,213.268798828125,578484
2025-07-21 18:45:00+00:00,213.05020141601562,213.2899932861328,213.0,213.27000427246094,711631
2025-07-21 19:00:00+00:00,212.69500732421875,213.10989379882812,212.50999450683594,213.07000732421875,834051
2025-07-21 19:15:00+00:00,212.5800018310547,212.82000732421875,212.54519653320312,212.69500732421875,766058
2025-07-21 19:30:00+00:00,212.35000610351562,212.71859741210938,212.2899932861328,212.5800018310547,996445
2025-07-21 19:45:00+00:00,212.5399932861328,212.55999755859375,212.07000732421875,212.35499572753906,2812006
2025-07-22 13:30:00+00:00,213.25999450683594,214.02999877929688,212.2301025390625,213.23500061035156,5369952
2025-07-22 13:45:00+00:00,213.5800018310547,213.6999969482422,212.27999877929688,213.27000427246094,3539586
2025-07-22 14:00:00+00:00,213.0850067138672,213.77000427246094,212.67999267578125,213.5800018310547,2071171
2025-07-22 14:15:00+00:00,213.2655029296875,213.67999267578125,213.0843963623047,213.10000610351562,1396801
2025-07-22 14:30:00+00:00,213.15499877929688,213.6199951171875,213.13999938964844,213.25999450683594,1125360
2025-07-22 14:45:00+00:00,213.21290588378906,213.27000427246094,212.72000122070312,213.17999267578125,1843212
2025-07-22 15:00:00+00:00,213.2196044921875,213.47000122070312,213.16000366210938,213.2100067138672,853012
2025-07-22 15:15:00+00:00,213.477294921875,213.69000244140625,213.0,213.22999572753906,899815
2025-07-22 15:30:00+00:00,212.8699951171875,213.82000732421875,212.85499572753906,213.47000122070312,1930720
2025-07-22 15:45:00+00:00,213.26499938964844,213.28709411621094,212.75999450683594,212.8800048828125,1400729
2025-07-22 16:00:00+00:00,213.5050048828125,213.74000549316406,213.19000244140625,213.26499938964844,1057179
2025-07-22 16:15:00+00:00,213.27999877929688,213.6199951171875,212.97999572753906,213.50999450683594,1222857
2025-07-22 16:30:00+00:00,213.0800018310547,213.47000122070312,212.83999633789062,213.24000549316406,844397
2025-07-22 16:45:00+00:00,213.41000366210938,213.5399932861328,213.0211944580078,213.07989501953125,844274
2025-07-22 17:00:00+00:00,213.6699981689453,213.85000610351562,213.3699951171875,213.39999389648438,982878
2025-07-22 17:15:00+00:00,214.41119384765625,214.47999572753906,213.67010498046875,213.67999267578125,1396797
2025-07-22 17:30:00+00:00,213.89700317382812,214.42340087890625,213.72000122070312,214.39999389648438,1156580
2025-07-22 17:45:00+00:00,213.84500122070312,214.14999389648438,213.79010009765625,213.91000366210938,882706
2025-07-22 18:00:00+00:00,213.91769409179688,214.05999755859375,213.75,213.8634033203125,669704
2025-07-22 18:15:00+00:00,213.7100067138672,213.9499969482422,213.44000244140625,213.9199981689453,911994
2025-07-22 18:30:00+00:00,214.02020263671875,214.2100067138672,213.7100067138672,213.7100067138672,740557
2025-07-22 18:45:00+00:00,214.1699981689453,214.19000244140625,213.8520050048828,214.02000427246094,692175
2025-07-22 19:00:00+00:00,214.30999755859375,214.41990661621094,214.07000732421875,214.13999938964844,1114500
2025-07-22 19:15:00+00:00,214.18499755859375,214.3300018310547,213.8249969482422,214.30999755859375,1202741
2025-07-22 19:30:00+00:00,214.13499450683594,214.35499572753906,214.0800018310547,214.17999267578125,946133
2025-07-22 19:45:00+00:00,214.38999938964844,214.64500427246094,213.92999267578125,214.13499450683594,3842161
2025-07-23 13:30:00+00:00,213.5399932861328,215.10000610351562,213.25999450683594,215.0449981689453,6605095
2025-07-23 13:45:00+00:00,212.55999755859375,213.1898956298828,212.4199981689453,213.18499755859375,2988491
2025-07-23 14:00:00+00:00,212.59500122070312,213.16000366210938,212.41000366210938,212.5500030517578,2499155
2025-07-23 14:15:00+00:00,212.9351043701172,213.1300048828125,212.58999633789062,212.61000061035156,1386468
2025-07-23 14:30:00+00:00,212.60000610351562,213.0615997314453,212.5,212.9499053955078,1250125
2025-07-23 14:45:00+00:00,212.66000366210938,212.83999633789062,212.5399932861328,212.60000610351562,1030370
2025-07-23 15:00:00+00:00,212.72000122070312,212.97999572753906,212.6519012451172,212.6750030517578,1068479
2025-07-23 15:15:00+00:00,213.14999389648438,213.1699981689453,212.66000366210938,212.7100067138672,1239683
2025-07-23 15:30:00+00:00,212.93699645996094,213.17990112304688,212.64999389648438,213.14999389648438,991187
2025-07-23 15:45:00+00:00,213.35499572753906,213.80999755859375,212.9149932861328,212.93499755859375,1495918
2025-07-23 16:00:00+00:00,213.38999938964844,213.6699981689453,213.2100067138672,213.35000610351562,847991
2025-07-23 16:15:00+00:00,213.5,213.72000122070312,213.21009826660156,213.3800048828125,1130003
2025-07-23 16:30:00+00:00,213.5,213.6300048828125,213.41000366210938,213.5,505570
2025-07-23 16:45:00+00:00,213.5998992919922,213.6300048828125,213.36000061035156,213.5,551698
2025-07-23 17:00:00+00:00,213.77000427246094,213.8699951171875,213.50999450683594,213.58999633789062,537903
2025-07-23 17:15:00+00:00,214.125,214.22850036621094,213.72000122070312,213.8000030517578,957275
2025-07-23 17:30:00+00:00,214.6199951171875,214.63499450683594,214.07000732421875,214.1199951171875,1348429
2025-07-23 17:45:00+00:00,214.46009826660156,214.625,214.22000122070312,214.625,1103117
2025-07-23 18:00:00+00:00,214.53500366210938,214.55999755859375,214.25,214.47000122070312,889520
2025-07-23 18:15:00+00:00,214.40499877929688,214.58999633789062,214.2899932861328,214.5399932861328,1009835
2025-07-23 18:30:00+00:00,214.53550720214844,214.57000732421875,214.32000732421875,214.40499877929688,756871
2025-07-23 18:45:00+00:00,214.55999755859375,214.69500732421875,214.41000366210938,214.52999877929688,874041
2025-07-23 19:00:00+00:00,214.14999389648438,214.6300048828125,214.11000061035156,214.57000732421875,905461
2025-07-23 19:15:00+00:00,214.13999938964844,214.24989318847656,213.94000244140625,214.13999938964844,1004991
2025-07-23 19:30:00+00:00,213.96009826660156,214.19000244140625,213.83230590820312,214.14500427246094,1091466
2025-07-23 19:45:00+00:00,214.30999755859375,214.30999755859375,213.61000061035156,213.96499633789062,3098622
2025-07-24 13:30:00+00:00,214.7913055419922,215.69000244140625,213.7100067138672,214.05999755859375,6523205
2025-07-24 13:45:00+00:00,213.8300018310547,214.875,213.52999877929688,214.7949981689453,2054581
2025-07-24 14:00:00+00:00,214.42999267578125,214.6699981689453,213.56500244140625,213.83999633789062,1910696
2025-07-24 14:15:00+00:00,214.4600067138672,214.8300018310547,214.24000549316406,214.4499969482422,1252231
2025-07-24 14:30:00+00:00,214.22000122070312,214.64340209960938,214.18899536132812,214.4499969482422,1078770
2025-07-24 14:45:00+00:00,214.32229614257812,214.55999755859375,214.08999633789062,214.21499633789062,1606743
2025-07-24 15:00:00+00:00,214.86000061035156,214.86000061035156,214.30999755859375,214.32000732421875,1068486
2025-07-24 15:15:00+00:00,215.25999450683594,215.35000610351562,214.63999938964844,214.85000610351562,2354821
2025-07-24 15:30:00+00:00,214.9250030517578,215.49000549316406,214.86000061035156,215.2615966796875,1593395
2025-07-24 15:45:00+00:00,214.89529418945312,215.0906982421875,214.47000122070312,214.9199981689453,1489262
2025-07-24 16:00:00+00:00,214.23500061035156,214.88999938964844,214.22500610351562,214.8699951171875,1047050
2025-07-24 16:15:00+00:00,214.33999633789062,214.56500244140625,214.1999969482422,214.23500061035156,815431
2025-07-24 16:30:00+00:00,214.5749969482422,214.5850067138672,214.27999877929688,214.33999633789062,811106
2025-07-24 16:45:00+00:00,214.6750030517578,214.79989624023438,214.4600067138672,214.5800018310547,685560
2025-07-24 17:00:00+00:00,215.1013946533203,215.16000366210938,214.60000610351562,214.6699981689453,887769
2025-07-24 17:15:00+00:00,214.7899932861328,215.1999969482422,214.7899932861328,215.11000061035156,603337
2025-07-24 17:30:00+00:00,214.65989685058594,214.9199981689453,214.55999755859375,214.7899932861328,603064
2025-07-24 17:45:00+00:00,214.67999267578125,214.72000122070312,214.5615997314453,214.66000366210938,430067
2025-07-24 18:00:00+00:00,214.92999267578125,215.1999969482422,214.67999267578125,214.67999267578125,871498
2025-07-24 18:15:00+00:00,214.73500061035156,214.97000122070312,214.67999267578125,214.93499755859375,634337
2025-07-24 18:30:00+00:00,214.55999755859375,214.85499572753906,214.47000122070312,214.73890686035156,679926
2025-07-24 18:45:00+00:00,214.52999877929688,214.57000732421875,214.3300018310547,214.56500244140625,787247
2025-07-24 19:00:00+00:00,214.72000122070312,214.77000427246094,214.42999267578125,214.52000427246094,732477
2025-07-24 19:15:00+00:00,214.80999755859375,215.02000427246094,214.69000244140625,214.72999572753906,939294
2025-07-24 19:30:00+00:00,214.74000549316406,214.94000244140625,214.6300048828125,214.81100463867188,843110
2025-07-24 19:45:00+00:00,213.75999450683594,214.74530029296875,213.72000122070312,214.73500061035156,5000321
2025-07-25 13:30:00+00:00,213.9477996826172,214.86000061035156,213.8000030517578,214.6999969482422,5040490
2025-07-25 13:45:00+00:00,214.091796875,214.52000427246094,213.92999267578125,213.94920349121094,1692113
2025-07-25 14:00:00+00:00,214.1999969482422,214.42999267578125,213.74000549316406,214.08999633789062,1610094
2025-07-25 14:15:00+00:00,214.58529663085938,214.64999389648438,214.08999633789062,214.1999969482422,1707070
2025-07-25 14:30:00+00:00,214.6699981689453,215.24000549316406,214.53500366210938,214.58999633789062,2039854
2025-07-25 14:45:00+00:00,214.73019409179688,214.75999450683594,214.4138946533203,214.6699981689453,977724
2025-07-25 15:00:00+00:00,214.49000549316406,214.77999877929688,214.35499572753906,214.72999572753906,842862
2025-07-25 15:15:00+00:00,214.50999450683594,214.6750030517578,214.2100067138672,214.49000549316406,1272911
2025-07-25 15:30:00+00:00,214.2100067138672,214.63999938964844,214.14999389648438,214.5,1360693
2025-07-25 15:45:00+00:00,214.2364959716797,214.4698944091797,214.08999633789062,214.1999969482422,2346321
2025-07-25 16:00:00+00:00,214.42999267578125,214.5399932861328,214.0500030517578,214.22999572753906,904042
2025-07-25 16:15:00+00:00,214.3896026611328,214.61500549316406,214.34500122070312,214.44039916992188,594612
2025-07-25 16:30:00+00:00,214.49000549316406,214.5196075439453,214.35000610351562,214.38999938964844,587330
2025-07-25 16:45:00+00:00,214.40499877929688,214.58999633789062,214.3300018310547,214.48500061035156,679267
2025-07-25 17:00:00+00:00,214.2447052001953,214.40499877929688,214.1649932861328,214.4049072265625,607850
2025-07-25 17:15:00+00:00,214.1699981689453,214.27999877929688,214.0399932861328,214.2449951171875,762096
2025-07-25 17:30:00+00:00,214.0941925048828,214.50999450683594,214.02000427246094,214.17039489746094,865106
2025-07-25 17:45:00+00:00,213.99009704589844,214.22000122070312,213.9199981689453,214.08999633789062,1012108
2025-07-25 18:00:00+00:00,214.02999877929688,214.16990661621094,213.89999389648438,213.9949951171875,612788
2025-07-25 18:15:00+00:00,213.88999938964844,214.0399932861328,213.82000732421875,214.02000427246094,570913
2025-07-25 18:30:00+00:00,213.8907012939453,214.00999450683594,213.7899932861328,213.91000366210938,634955
2025-07-25 18:45:00+00:00,213.7935028076172,213.9600067138672,213.6999969482422,213.88999938964844,730946
2025-07-25 19:00:00+00:00,213.7100067138672,213.89999389648438,213.7050018310547,213.7899932861328,693952
2025-07-25 19:15:00+00:00,213.5,213.8267059326172,213.39999389648438,213.71499633789062,898104
2025-07-25 19:30:00+00:00,213.61300659179688,213.7187957763672,213.49000549316406,213.5050048828125,1165329
2025-07-25 19:45:00+00:00,213.9600067138672,214.0,213.58999633789062,213.61000061035156,3235534
2025-07-28 13:30:00+00:00,213.7998046875,214.6699981689453,213.5800018310547,214.02999877929688,3205107
2025-07-28 13:45:00+00:00,213.89999389648438,214.2198944091797,213.72000122070312,213.7864990234375,1583771
2025-07-28 14:00:00+00:00,214.6199951171875,214.67999267578125,213.86000061035156,213.9250030517578,1727383
2025-07-28 14:15:00+00:00,214.52000427246094,214.74000549316406,214.35009765625,214.6199951171875,1322601
2025-07-28 14:30:00+00:00,214.4949951171875,214.84500122070312,214.46499633789062,214.53500366210938,1363642
2025-07-28 14:45:00+00:00,214.4199981689453,214.5500030517578,214.39500427246094,214.4947967529297,760049
2025-07-28 15:00:00+00:00,214.50999450683594,214.53500366210938,214.22999572753906,214.42999267578125,781074
2025-07-28 15:15:00+00:00,214.43499755859375,214.5500030517578,214.12229919433594,214.50999450683594,967636
2025-07-28 15:30:00+00:00,214.4199981689453,214.60000610351562,214.35000610351562,214.44000244140625,748818
2025-07-28 15:45:00+00:00,214.42999267578125,214.5500030517578,214.39999389648438,214.4250030517578,573601
2025-07-28 16:00:00+00:00,214.5,214.5399932861328,214.2899932861328,214.43499755859375,585105
2025-07-28 16:15:00+00:00,214.5399932861328,214.75,214.4499969482422,214.5,663819
2025-07-28 16:30:00+00:00,214.36000061035156,214.5749969482422,214.22500610351562,214.53500366210938,1145205
2025-07-28 16:45:00+00:00,214.3300018310547,214.39999389648438,214.22500610351562,214.360107421875,416898
2025-07-28 17:00:00+00:00,214.0399932861328,214.4499969482422,213.97999572753906,214.33999633789062,699013
2025-07-28 17:15:00+00:00,213.64500427246094,214.0399932861328,213.4149932861328,214.0399932861328,1713923
2025-07-28 17:30:00+00:00,213.85350036621094,213.9586944580078,213.6199951171875,213.63499450683594,613043
2025-07-28 17:45:00+00:00,213.73500061035156,214.02000427246094,213.72500610351562,213.8300018310547,584646
2025-07-28 18:00:00+00:00,213.91000366210938,213.9398956298828,213.67030334472656,213.73500061035156,617768
2025-07-28 18:15:00+00:00,213.8000030517578,213.97999572753906,213.7100067138672,213.89959716796875,576716
2025-07-28 18:30:00+00:00,213.4600067138672,213.8300018310547,213.4499969482422,213.82000732421875,872408
2025-07-28 18:45:00+00:00,213.1199951171875,213.61000061035156,213.05999755859375,213.46099853515625,1031310
2025-07-28 19:00:00+00:00,213.30999755859375,213.32000732421875,213.06500244140625,213.13999938964844,887303
2025-07-28 19:15:00+00:00,213.42999267578125,213.4364013671875,213.0850067138672,213.32000732421875,1606155
2025-07-28 19:30:00+00:00,213.84500122070312,213.86500549316406,213.32000732421875,213.4199981689453,1081039
2025-07-28 19:45:00+00:00,214.0399932861328,214.0500030517578,213.64999389648438,213.83999633789062,2895148
2025-07-29 13:30:00+00:00,213.8800048828125,214.80999755859375,213.75010681152344,214.16000366210938,4515272
2025-07-29 13:45:00+00:00,212.5399932861328,213.88499450683594,211.50999450683594,213.88499450683594,3415573
2025-07-29 14:00:00+00:00,213.10000610351562,213.25999450683594,212.07000732421875,212.5399932861328,1954535
2025-07-29 14:15:00+00:00,213.0500030517578,213.38999938964844,212.61000061035156,213.10000610351562,1904348
2025-07-29 14:30:00+00:00,212.49000549316406,213.24830627441406,212.39999389648438,213.0399932861328,1573201
2025-07-29 14:45:00+00:00,212.60000610351562,212.80999755859375,212.1199951171875,212.48500061035156,1376099
2025-07-29 15:00:00+00:00,212.40499877929688,212.76950073242188,212.25999450683594,212.60499572753906,1142608
2025-07-29 15:15:00+00:00,211.89999389648438,212.57000732421875,211.88999938964844,212.38499450683594,1312284
2025-07-29 15:30:00+00:00,211.8125,212.22000122070312,211.6999969482422,211.88099670410156,1352397
2025-07-29 15:45:00+00:00,212.50999450683594,212.5399932861328,211.810302734375,211.8249969482422,1231489
2025-07-29 16:00:00+00:00,212.47000122070312,212.92999267578125,212.32000732421875,212.50999450683594,1348232
2025-07-29 16:15:00+00:00,212.0,212.72000122070312,212.0,212.47000122070312,910384
2025-07-29 16:30:00+00:00,211.9199981689453,212.17999267578125,211.83999633789062,211.99000549316406,838536
2025-07-29 16:45:00+00:00,212.17999267578125,212.2364959716797,211.87989807128906,211.92999267578125,762016
2025-07-29 17:00:00+00:00,212.0800018310547,212.30999755859375,210.8249969482422,212.16000366210938,1904456
2025-07-29 17:15:00+00:00,212.1999969482422,212.38999938964844,211.94000244140625,212.07449340820312,1053631
2025-07-29 17:30:00+00:00,212.13929748535156,212.38499450683594,212.0301055908203,212.2100067138672,783325
2025-07-29 17:45:00+00:00,212.0749969482422,212.33999633789062,211.9300994873047,212.14999389648438,646427
2025-07-29 18:00:00+00:00,212.1295928955078,212.38999938964844,212.02000427246094,212.06500244140625,766931
2025-07-29 18:15:00+00:00,211.9600067138672,212.25999450683594,211.81500244140625,212.125,828194
2025-07-29 18:30:00+00:00,212.15499877929688,212.44000244140625,211.96499633789062,211.96499633789062,749228
2025-07-29 18:45:00+00:00,211.97999572753906,212.2100067138672,211.97000122070312,212.16000366210938,574184
2025-07-29 19:00:00+00:00,211.7899932861328,212.0500030517578,211.60000610351562,211.97000122070312,997640
2025-07-29 19:15:00+00:00,211.88999938964844,212.03500366210938,211.75999450683594,211.7852020263672,1055031
2025-07-29 19:30:00+00:00,211.67999267578125,211.91000366210938,211.47999572753906,211.88999938964844,1033493
2025-07-29 19:45:00+00:00,211.35000610351562,211.77999877929688,211.05450439453125,211.6699981689453,3802998
2025-07-30 13:30:00+00:00,211.01950073242188,212.38999938964844,210.42999267578125,211.89500427246094,3571035
2025-07-30 13:45:00+00:00,210.4499969482422,211.1300048828125,210.02000427246094,211.00999450683594,1476944
2025-07-30 14:00:00+00:00,210.44000244140625,210.72500610351562,210.10009765625,210.4199981689453,1295819
2025-07-30 14:15:00+00:00,210.61000061035156,210.8800048828125,210.36000061035156,210.42999267578125,1080321
2025-07-30 14:30:00+00:00,210.38999938964844,210.72000122070312,210.36000061035156,210.6199951171875,867766
2025-07-30 14:45:00+00:00,210.42999267578125,210.67999267578125,210.35000610351562,210.38999938964844,744709
2025-07-30 15:00:00+00:00,209.8300018310547,210.5749969482422,209.6999969482422,210.44000244140625,1157560
2025-07-30 15:15:00+00:00,209.71499633789062,210.05999755859375,209.6199951171875,209.8249969482422,963692
2025-07-30 15:30:00+00:00,209.86959838867188,209.88999938964844,209.57000732421875,209.72000122070312,715899
2025-07-30 15:45:00+00:00,210.160400390625,210.19000244140625,209.66000366210938,209.85000610351562,837744
2025-07-30 16:00:00+00:00,210.19500732421875,210.33999633789062,210.07000732421875,210.14999389648438,665568
2025-07-30 16:15:00+00:00,210.1199951171875,210.4199981689453,210.07000732421875,210.1999969482422,548406
2025-07-30 16:30:00+00:00,209.99000549316406,210.1699981689453,209.94000244140625,210.11000061035156,577669
2025-07-30 16:45:00+00:00,209.5800018310547,210.0399932861328,209.50999450683594,210.0,774568
2025-07-30 17:00:00+00:00,209.42999267578125,209.75999450683594,209.32000732421875,209.5850067138672,886767
2025-07-30 17:15:00+00:00,209.75650024414062,209.81500244140625,209.42999267578125,209.43020629882812,602869
2025-07-30 17:30:00+00:00,210.0800018310547,210.14990234375,209.72000122070312,209.75,613774
2025-07-30 17:45:00+00:00,209.89500427246094,210.08999633789062,209.7449951171875,210.08999633789062,617240
2025-07-30 18:00:00+00:00,209.5500030517578,210.03500366210938,209.5,209.94000244140625,1269868
2025-07-30 18:15:00+00:00,209.85499572753906,209.8798065185547,209.47999572753906,209.55020141601562,711207
2025-07-30 18:30:00+00:00,209.8000030517578,210.13999938964844,209.360107421875,209.85499572753906,1100117
2025-07-30 18:45:00+00:00,208.35000610351562,209.80499267578125,208.3000030517578,209.7949981689453,1765699
2025-07-30 19:00:00+00:00,208.27999877929688,208.52999877929688,207.72000122070312,208.30999755859375,1726501
2025-07-30 19:15:00+00:00,208.52000427246094,208.7100067138672,208.14999389648438,208.28500366210938,1310075
2025-07-30 19:30:00+00:00,208.16000366210938,208.8300018310547,208.1300048828125,208.50999450683594,1222196
2025-07-30 19:45:00+00:00,209.02000427246094,209.10989379882812,208.14999389648438,208.1699981689453,2968601
2025-07-31 13:30:00+00:00,208.94000244140625,209.4499969482422,207.8249969482422,208.3800048828125,5556566
2025-07-31 13:45:00+00:00,208.48500061035156,209.08999633789062,208.3699951171875,208.94000244140625,2131360
2025-07-31 14:00:00+00:00,209.49000549316406,209.6199951171875,208.3699951171875,208.47000122070312,1933269
2025-07-31 14:15:00+00:00,208.8424072265625,209.68150329589844,208.80999755859375,209.49000549316406,1716329
2025-07-31 14:30:00+00:00,209.30999755859375,209.5500030517578,208.8592987060547,208.86000061035156,1763738
2025-07-31 14:45:00+00:00,208.97999572753906,209.36000061035156,208.72000122070312,209.32000732421875,1996185
2025-07-31 15:00:00+00:00,208.32949829101562,209.24000549316406,208.30999755859375,208.97999572753906,1463455
2025-07-31 15:15:00+00:00,208.28280639648438,208.59869384765625,208.07000732421875,208.3300018310547,1485689
2025-07-31 15:30:00+00:00,208.83380126953125,208.9199981689453,208.1699981689453,208.27000427246094,1584055
2025-07-31 15:45:00+00:00,208.61500549316406,208.86000061035156,208.31570434570312,208.8300018310547,1204336
2025-07-31 16:00:00+00:00,208.7899932861328,209.0,208.6199951171875,208.6199951171875,792982
2025-07-31 16:15:00+00:00,208.95449829101562,208.97000122070312,208.61000061035156,208.7899932861328,910686
2025-07-31 16:30:00+00:00,209.25,209.31520080566406,208.86000061035156,208.9499969482422,960822
2025-07-31 16:45:00+00:00,209.06719970703125,209.37989807128906,208.9600067138672,209.25999450683594,1161834
2025-07-31 17:00:00+00:00,209.66099548339844,209.83999633789062,208.74000549316406,209.06820678710938,1730615
2025-07-31 17:15:00+00:00,208.6649932861328,209.6999969482422,208.5,209.65499877929688,1296531
2025-07-31 17:30:00+00:00,208.65499877929688,208.8800048828125,208.32730102539062,208.6649932861328,1061583
2025-07-31 17:45:00+00:00,208.32000732421875,208.9199981689453,208.1490020751953,208.66000366210938,987959
2025-07-31 18:00:00+00:00,208.02999877929688,208.55999755859375,207.9199981689453,208.2949981689453,1256816
2025-07-31 18:15:00+00:00,208.61000061035156,208.76980590820312,207.58999633789062,208.02999877929688,1695363
2025-07-31 18:30:00+00:00,208.92999267578125,209.02999877929688,208.5399932861328,208.61000061035156,1463038
2025-07-31 18:45:00+00:00,208.94000244140625,209.13999938964844,208.7100067138672,208.92999267578125,1219850
2025-07-31 19:00:00+00:00,208.7799072265625,209.38429260253906,208.72999572753906,208.99000549316406,1794014
2025-07-31 19:15:00+00:00,208.5699005126953,209.07000732421875,208.49000549316406,208.77000427246094,1553000
2025-07-31 19:30:00+00:00,208.6699981689453,208.85000610351562,208.39999389648438,208.57000732421875,1938091
2025-07-31 19:45:00+00:00,207.61000061035156,208.77999877929688,207.16000366210938,208.67250061035156,6308362
